test_acc,test_auc,test_loss
0.0782608695652174,0.33375329666189435,"tensor(3.7439, device='cuda:0')"
0.551304347826087,0.46743274809735513,"tensor(2.8707, device='cuda:0')"
0.8295652173913044,0.7413623690754276,"tensor(2.4375, device='cuda:0')"
0.8852173913043478,0.8142694597242106,"tensor(2.3228, device='cuda:0')"
